<application>
  <component name="ProjectJdkTable">
    <jdk version="2">
      <name value="Python 3.9 (Project)" />
      <type value="Python SDK" />
      <version value="Python 3.9.6" />
      <homePath value="/Volumes/Externo/Proyectos/Clientes/Imagina/Tutorías y clases/Formacion en Tabnine AI para  Desarrolladores_ Automatizacion, Mejora Contin ua y Buenas Practicas desde tu Entorno de Desarrollo (Grupo 2).pdf/Project/.venv/bin/python" />
      <roots>
        <classPath>
          <root type="composite">
            <root url="file:///Library/Developer/CommandLineTools/Library/Frameworks/Python3.framework/Versions/3.9/lib/python3.9" type="simple" />
            <root url="file:///Library/Developer/CommandLineTools/Library/Frameworks/Python3.framework/Versions/3.9/lib/python3.9/lib-dynload" type="simple" />
            <root url="file:///Volumes/Externo/Proyectos/Clientes/Imagina/Tutorías y clases/Formacion en Tabnine AI para  Desarrolladores_ Automatizacion, Mejora Contin ua y Buenas Practicas desde tu Entorno de Desarrollo (Grupo 2).pdf/Project/.venv/lib/python3.9/site-packages" type="simple" />
            <root url="file://$USER_HOME$/Library/Caches/JetBrains/PyCharm2025.2/python_stubs/-1582756404" type="simple" />
            <root url="file://$APPLICATION_HOME_DIR$/plugins/python-ce/helpers/typeshed/stdlib" type="simple" />
            <root url="file://$APPLICATION_HOME_DIR$/plugins/python-ce/helpers/typeshed/stubs/setuptools" type="simple" />
          </root>
        </classPath>
        <sourcePath>
          <root type="composite" />
        </sourcePath>
      </roots>
      <additional ASSOCIATED_PROJECT_PATH="/Volumes/Externo/Proyectos/Clientes/Imagina/Tutorías y clases/Formacion en Tabnine AI para  Desarrolladores_ Automatizacion, Mejora Contin ua y Buenas Practicas desde tu Entorno de Desarrollo (Grupo 2).pdf/Project" SDK_UUID="abd11cc0-086f-4331-a047-ad6e4c85c241">
        <setting name="FLAVOR_ID" value="VirtualEnvSdkFlavor" />
        <setting name="FLAVOR_DATA" value="{}" />
      </additional>
    </jdk>
  </component>
</application>