<application>
  <component name="WindowManager">
    <frame x="580" y="232" width="1400" height="1000" />
  </component>
  <component name="WindowStateApplicationService">
    <state x="1280" y="616" width="1000" height="720" key="WELCOME_SCREEN" timestamp="1760874769268">
      <screen x="0" y="25" width="2560" height="1415" />
    </state>
    <state x="1280" y="616" width="1000" height="720" key="WELCOME_SCREEN/2560.265.1920.1175/-2560.385.2560.1055/337.1465.1920.1055/0.25.2560.1415" timestamp="1760874769268" />
    <state x="1875" y="957" width="1000" height="720" key="WELCOME_SCREEN/337.1465.1920.1055/-2560.385.2560.1055/0.25.2560.1415/2560.265.1920.1175" timestamp="1760821997469" />
  </component>
</application>