<application>
  <component name="DimensionService">
    <location key="WELCOME_SCREEN.0.0.2560.1440" x="507" y="339" />
  </component>
  <component name="WindowManager">
    <frame x="0" y="15" width="2561" height="1408" extendedState="6" />
  </component>
  <component name="WindowStateApplicationService">
    <state x="507" y="339" key="WELCOME_SCREEN" timestamp="1760620259693">
      <screen x="0" y="25" width="2560" height="1415" />
    </state>
    <state x="507" y="339" key="WELCOME_SCREEN/337.1465.1920.1055/-2560.385.2560.1055/0.25.2560.1415/2560.265.1920.1175" timestamp="1760620259693" />
  </component>
</application>